makaron,olej,kukurydza,chleb,mleko,jajka
olej,sól,kukurydza
olej,kukurydza,majonez,cukier
pomidory,olej,mleko,kukurydza,majonez
majonez,kawa,pomidory,jajka,kukurydza,cukier
majonez,pomidory,kawa,mleko
kawa,jajka,makaron,pomidory,majonez,mleko,olej,sól
mleko,jajka,kawa,kukurydza,sól,pomidory
mleko,pomidory,chleb,olej,jajka,cukier
majonez,olej,jajka,chleb,sól,kukurydza
makaron,kukurydza,jajka
kawa,majonez,jajka,olej
kawa,sól,pomidory
kawa,chleb,kukurydza,majonez,jajka,mleko,pomidory
sól,majonez,makaron,mleko,olej,pomidory,kukurydza
cukier,chleb,kukurydza,mleko,olej,makaron,majonez
mleko,jajka,cukier,makaron,olej
olej,kawa,sól,kukurydza,makaron,mleko,pomidory
cukier,kukurydza,chleb,pomidory,jajka
makaron,olej,cukier
majonez,sól,jajka,kukurydza,cukier,chleb
chleb,olej,jajka,kukurydza,majonez
kawa,mleko,olej,pomidory,kukurydza,cukier,jajka
sól,pomidory,olej
sól,kawa,pomidory,jajka,chleb,cukier,mleko
kawa,kukurydza,sól,pomidory,olej
makaron,majonez,cukier,pomidory,sól,kukurydza,jajka
olej,mleko,cukier,pomidory,jajka,chleb,kukurydza,makaron
kawa,olej,pomidory,kukurydza,cukier,chleb,sól,jajka
mleko,pomidory,kawa
majonez,makaron,cukier
olej,makaron,mleko,pomidory,kukurydza,sól
kukurydza,majonez,chleb,jajka
makaron,kukurydza,pomidory,kawa,majonez
cukier,sól,kukurydza,chleb
majonez,olej,makaron,jajka,kukurydza
jajka,mleko,kukurydza,chleb,makaron,pomidory
cukier,jajka,makaron,olej,pomidory,sól
mleko,kukurydza,majonez,jajka,kawa
cukier,sól,kukurydza
cukier,majonez,mleko,jajka,chleb,makaron,sól,kukurydza
olej,makaron,majonez,sól
chleb,makaron,kukurydza,pomidory,jajka,cukier,sól,olej
majonez,makaron,kawa,olej,cukier,kukurydza,sól
majonez,makaron,pomidory,olej,chleb,jajka,cukier
chleb,mleko,kukurydza,majonez
cukier,kukurydza,chleb,makaron,jajka,pomidory
sól,chleb,cukier
jajka,olej,pomidory,majonez,kukurydza
olej,majonez,cukier,jajka,kukurydza,sól,makaron
olej,jajka,kawa,majonez,chleb,sól,pomidory,makaron
mleko,olej,chleb,pomidory,jajka
pomidory,sól,majonez,olej,mleko,makaron
cukier,makaron,olej,kawa,jajka,mleko
kukurydza,cukier,olej,mleko,majonez,makaron,kawa
majonez,chleb,mleko,kawa,jajka,sól,makaron,olej
mleko,sól,makaron,kukurydza
sól,chleb,makaron,kukurydza,cukier,mleko,pomidory
kawa,sól,majonez,chleb,mleko,cukier,olej
mleko,majonez,jajka,kawa,kukurydza,chleb
kawa,kukurydza,jajka,cukier,makaron
kawa,cukier,chleb
olej,chleb,jajka,kawa,mleko,pomidory,sól
cukier,kukurydza,jajka,olej,mleko
makaron,pomidory,cukier,kawa,jajka,mleko
makaron,olej,sól,pomidory,chleb,kukurydza,kawa
kawa,majonez,olej,cukier
sól,kukurydza,cukier,jajka
kukurydza,chleb,olej
makaron,kawa,pomidory,majonez,mleko,sól,jajka,olej
makaron,kukurydza,majonez,cukier,jajka
kukurydza,majonez,jajka,mleko,cukier,sól,kawa,chleb
olej,chleb,pomidory,kawa,makaron,jajka,majonez,mleko
pomidory,kukurydza,makaron,cukier,mleko,kawa,chleb
sól,cukier,kukurydza,majonez,jajka,mleko
pomidory,kawa,olej
kukurydza,cukier,makaron,mleko,jajka,kawa
cukier,chleb,olej
chleb,kukurydza,sól,cukier,majonez,makaron,mleko
sól,kawa,pomidory,jajka
majonez,mleko,jajka
chleb,kukurydza,mleko,pomidory,jajka,kawa
pomidory,kukurydza,jajka,cukier,olej,mleko,makaron,kawa
chleb,olej,jajka,majonez,mleko,kawa,sól,makaron
kawa,chleb,makaron,pomidory,sól,olej
chleb,jajka,kawa,mleko,kukurydza
olej,pomidory,kawa,majonez,sól
jajka,chleb,olej,cukier
jajka,cukier,pomidory,majonez,chleb
kukurydza,chleb,jajka,majonez,kawa
majonez,sól,kukurydza,mleko,pomidory,makaron,cukier,kawa
jajka,kukurydza,olej,cukier,kawa
olej,pomidory,kawa,cukier,sól,kukurydza
makaron,kukurydza,pomidory,cukier
chleb,kawa,pomidory,majonez,makaron,jajka,olej,sól
cukier,makaron,kawa
majonez,cukier,kawa
pomidory,olej,makaron,kukurydza,cukier,kawa,mleko
majonez,makaron,jajka,sól,kukurydza,olej,kawa
chleb,sól,cukier
